"","id"
"1",19109
"2",17007
"3",1229
"4",18154
"5",20519
"6",4499
"7",16552
"8",5303
"9",7573
"10",6412
"11",19301
"12",15919
"13",6707
"14",20304
"15",11611
"16",5518
"17",8917
"18",14706
"19",9153
"20",8434
"21",6202
"22",16377
"23",33
"24",15016
"25",18575
"26",2224
"27",2278
"28",10158
"29",13523
"30",6865
"31",4779
"32",2326
"33",4132
"34",2800
"35",5841
"36",6755
"37",4352
"38",2687
"39",9725
"40",2232
"41",14030
"42",16859
"43",8994
"44",11828
"45",4289
"46",14228
"47",4473
"48",1539
"49",3717
"50",2900
"51",15175
"52",9139
"53",14829
"54",20335
"55",8295
"56",11560
"57",16310
"58",549
"59",3789
"60",8230
"61",9068
"62",16345
"63",11143
"64",6792
"65",16538
"66",18540
"67",7741
"68",15497
"69",19339
"70",3341
"71",4655
"72",13465
"73",19936
"74",11052
"75",17268
"76",10920
"77",145
"78",20583
"79",8353
"80",5873
"81",6851
"82",12535
"83",2544
"84",3229
"85",18798
"86",16979
"87",4895
"88",9714
"89",10796
"90",206
"91",19641
"92",11931
"93",8902
"94",13723
"95",19989
"96",13652
"97",2503
"98",8681
"99",13057
"100",7352
"101",4457
"102",6558
"103",5469
"104",12894
"105",759
"106",15820
"107",12217
"108",10399
"109",1518
"110",1163
"111",6126
"112",20521
"113",1898
"114",1118
"115",10128
"116",8360
"117",10043
"118",18350
"119",2903
"120",19184
"121",13578
"122",6234
"123",10266
"124",6517
"125",7548
"126",13161
"127",10332
"128",16681
"129",2245
"130",4946
"131",6051
"132",10592
"133",1911
"134",785
"135",11027
"136",16043
"137",9082
"138",11313
"139",6191
"140",18878
"141",18127
"142",7422
"143",11904
"144",11624
"145",3407
"146",5823
"147",17327
"148",1954
"149",4027
"150",19387
"151",7756
"152",14747
"153",12804
"154",2868
"155",9443
"156",9899
"157",3882
"158",16401
"159",146
"160",19221
"161",16871
"162",11907
"163",20209
"164",16999
"165",4971
"166",3347
"167",3422
"168",18326
"169",16222
"170",546
"171",13026
"172",13010
"173",2997
"174",15123
"175",12614
"176",18055
"177",6038
"178",12968
"179",4448
"180",18771
"181",11783
"182",5452
"183",1741
"184",4949
"185",14434
"186",18062
"187",15858
"188",13591
"189",17758
"190",3157
"191",11128
"192",10350
"193",2394
"194",16007
"195",15914
"196",16081
"197",13339
"198",85
"199",7562
"200",17080
"201",6379
"202",17446
"203",12018
"204",17502
"205",8046
"206",11681
"207",13959
"208",4370
"209",2198
"210",726
"211",11838
"212",7358
"213",13589
"214",8833
"215",10486
"216",2205
"217",10045
"218",16668
"219",20582
"220",13267
"221",10025
"222",18691
"223",5535
"224",4438
"225",7001
"226",12584
"227",9215
"228",17272
"229",7641
"230",13594
"231",19589
"232",10890
"233",6142
"234",15284
"235",18290
"236",19063
"237",4207
"238",19178
"239",3517
"240",1558
"241",8547
"242",19235
"243",5265
"244",8772
"245",16421
"246",1273
"247",16036
"248",1202
"249",9584
"250",566
"251",18993
"252",3645
"253",13767
"254",8038
"255",2627
"256",15114
"257",13807
"258",12780
"259",3194
"260",6883
"261",14197
"262",18544
"263",7166
"264",7389
"265",11574
"266",9272
"267",10408
"268",5695
"269",10017
"270",10915
"271",11940
"272",216
"273",11012
"274",7842
"275",9147
"276",10793
"277",9661
"278",10869
"279",20285
"280",7383
"281",19701
"282",2728
"283",5765
"284",2073
"285",15713
"286",17077
"287",8857
"288",7772
"289",17098
"290",10500
"291",12855
"292",17491
"293",18279
"294",13774
"295",7075
"296",7690
"297",5366
"298",18072
"299",1480
"300",2414
"301",14027
"302",17967
"303",20473
"304",3216
"305",3559
"306",4021
"307",11192
"308",16187
"309",9600
"310",58
"311",9007
"312",15549
"313",9116
"314",7057
"315",5572
"316",16812
"317",3544
"318",15475
"319",10406
"320",12601
"321",347
"322",7419
"323",4502
"324",12713
"325",17866
"326",11810
"327",391
"328",12134
"329",5862
"330",15691
"331",1596
"332",11950
"333",11151
"334",8884
"335",18463
"336",12169
"337",1702
"338",14414
"339",3550
"340",17316
"341",276
"342",826
"343",17861
"344",16272
"345",20128
"346",11820
"347",6204
"348",17003
"349",15499
"350",18458
"351",15163
"352",7190
"353",14358
"354",1259
"355",11774
"356",4661
"357",1204
"358",15913
"359",1434
"360",1937
"361",20215
"362",2526
"363",9104
"364",13325
"365",383
"366",19035
"367",9371
"368",2152
"369",20585
"370",5981
"371",9435
"372",20143
"373",16750
"374",4051
"375",11283
"376",10426
"377",4811
"378",12901
"379",16449
"380",4704
"381",8131
"382",6955
"383",19947
"384",12846
"385",6962
"386",19078
"387",10367
"388",4096
"389",8383
"390",13252
"391",12927
"392",7885
"393",18241
"394",1580
"395",17764
"396",17987
"397",14086
"398",1403
"399",1285
"400",419
"401",3603
"402",10728
"403",4114
"404",7902
"405",5449
"406",12522
"407",10404
"408",575
"409",14911
"410",6869
"411",16219
"412",17232
"413",15638
"414",10309
"415",4123
"416",113
"417",14682
"418",1862
"419",10605
"420",732
"421",11405
"422",7353
"423",3439
"424",7722
"425",18331
"426",13402
"427",14971
"428",13346
"429",3261
"430",1156
"431",10073
"432",13685
"433",12466
"434",15665
"435",11298
"436",7318
"437",9005
"438",7312
"439",11361
"440",15958
"441",7308
"442",15641
"443",9744
"444",12349
"445",6496
"446",3136
"447",7551
"448",1573
"449",18582
"450",8862
"451",708
"452",2023
"453",12829
"454",9943
"455",14261
"456",12566
"457",1415
"458",12726
"459",3572
"460",17352
"461",14736
"462",7307
"463",5806
"464",7625
"465",17694
"466",10371
"467",3593
"468",8279
"469",356
"470",19192
"471",10858
"472",12464
"473",13910
"474",16830
"475",6814
"476",680
"477",11250
"478",5844
"479",2608
"480",15515
"481",11280
"482",10049
"483",3879
"484",14502
"485",2636
"486",13653
"487",19482
"488",15942
"489",6341
"490",5761
"491",11958
"492",1820
"493",20430
"494",2505
"495",19679
"496",11360
"497",20205
"498",12834
"499",17337
"500",2298
"501",5306
"502",8387
"503",8952
"504",20173
"505",16767
"506",15619
"507",10864
"508",6688
"509",6610
"510",16438
"511",20406
"512",7604
"513",848
"514",11187
"515",4735
"516",2585
"517",14906
"518",10730
"519",18740
"520",4054
"521",16700
"522",15198
"523",5669
"524",18411
"525",2700
"526",15722
"527",13247
"528",7176
"529",11505
"530",1879
"531",9580
"532",3097
"533",19292
"534",15468
"535",4726
"536",15031
"537",10991
"538",11150
"539",16002
"540",9726
"541",10953
"542",13485
"543",17957
"544",16079
"545",6906
"546",14032
"547",14793
"548",15370
"549",12470
"550",5292
"551",4087
"552",4220
"553",17334
"554",5275
"555",673
"556",2401
"557",11414
"558",7584
"559",11746
"560",36
"561",7470
"562",17451
"563",8593
"564",15034
"565",9178
"566",5580
"567",15487
"568",15948
"569",12996
"570",7942
"571",9781
"572",9800
"573",12411
"574",15770
"575",11508
"576",14267
"577",14857
"578",9792
"579",11236
"580",14676
"581",7637
"582",12331
"583",10035
"584",16426
"585",17245
"586",439
"587",859
"588",8379
"589",11729
"590",3108
"591",12625
"592",12668
"593",14217
"594",19045
"595",13432
"596",398
"597",13671
"598",11812
"599",9574
"600",13062
"601",10800
"602",11471
"603",13912
"604",4339
"605",19453
"606",13182
"607",1876
"608",2455
"609",13513
"610",4924
"611",11168
"612",6385
"613",18635
"614",19801
"615",20020
"616",1960
"617",3768
"618",3549
"619",3564
"620",11743
"621",1995
"622",6700
"623",1258
"624",13348
"625",9610
"626",11713
"627",9404
"628",6183
"629",7393
"630",14151
"631",3944
"632",18747
"633",7439
"634",18395
"635",9430
"636",9244
"637",6521
"638",16501
"639",1247
"640",10079
"641",1894
"642",15236
"643",19372
"644",7451
"645",3532
"646",11089
"647",17609
"648",9513
"649",343
"650",17320
"651",12250
"652",15177
"653",7417
"654",10050
"655",18387
"656",11186
"657",18701
"658",14651
"659",16291
"660",3198
"661",9431
"662",8526
"663",5674
"664",19777
"665",18117
"666",14730
"667",15918
"668",17988
"669",7038
"670",16925
"671",13225
"672",2365
"673",12165
"674",11930
"675",1287
"676",12027
"677",19101
"678",4373
"679",38
"680",18530
"681",7529
"682",16590
"683",17623
"684",17680
"685",16304
"686",7002
"687",14153
"688",3381
"689",18064
"690",6834
"691",5368
"692",4038
"693",664
"694",7935
"695",17197
"696",9413
"697",2106
"698",345
"699",223
"700",627
"701",2559
"702",7874
"703",9762
"704",3630
"705",3478
"706",19172
"707",4568
"708",6029
"709",269
"710",14654
"711",5016
"712",11123
"713",1459
"714",6589
"715",4309
"716",19643
"717",2458
"718",16572
"719",10267
"720",7175
"721",2676
"722",17419
"723",5918
"724",18681
"725",9680
"726",19031
"727",13300
"728",14902
"729",1636
"730",2867
"731",10475
"732",17061
"733",357
"734",5952
"735",17714
"736",8257
"737",12376
"738",13180
"739",20216
"740",10608
"741",2511
"742",16108
"743",19047
"744",17049
"745",13749
"746",19314
"747",7712
"748",7700
"749",9484
"750",20344
"751",7633
"752",16540
"753",12773
"754",19338
"755",16282
"756",7302
"757",14746
"758",17605
"759",8061
"760",14917
"761",16148
"762",3637
"763",13827
"764",5979
"765",8260
"766",7789
"767",568
"768",16299
"769",2216
"770",15173
"771",10678
"772",1060
"773",6609
"774",20291
"775",15730
"776",11963
"777",13053
"778",11454
"779",11757
"780",7960
"781",19174
"782",10766
"783",17284
"784",17054
"785",9246
"786",17853
"787",11332
"788",10636
"789",8258
"790",15509
"791",4554
"792",2367
"793",16928
"794",15165
"795",3369
"796",4439
"797",3557
"798",2389
"799",14223
"800",6685
"801",7858
"802",1484
"803",6929
"804",5520
"805",16408
"806",7195
"807",7069
"808",9958
"809",12032
"810",1239
"811",15077
"812",138
"813",387
"814",15612
"815",309
"816",3021
"817",7676
"818",16268
"819",9819
"820",13528
"821",7282
"822",9302
"823",10185
"824",4392
"825",4174
"826",7939
"827",19842
"828",7274
"829",14333
"830",14934
"831",12043
"832",14115
"833",15237
"834",9407
"835",95
"836",7178
"837",11373
"838",6140
"839",6731
"840",15748
"841",1915
"842",10963
"843",15263
"844",17314
"845",9414
"846",15000
"847",19432
"848",5434
"849",9972
"850",16970
"851",9830
"852",12685
"853",15418
"854",12899
"855",19743
"856",15980
"857",2589
"858",3179
"859",3450
"860",15600
"861",6781
"862",18930
"863",11782
"864",19688
"865",20072
"866",16442
"867",14508
"868",6502
"869",11554
"870",4723
"871",14814
"872",4588
"873",17416
"874",17628
"875",3507
"876",18839
"877",3016
"878",18457
"879",8810
"880",18806
"881",12249
"882",518
"883",12703
"884",14033
"885",19610
"886",15816
"887",13213
"888",7273
"889",6386
"890",4842
"891",4747
"892",10567
"893",2675
"894",20010
"895",13550
"896",10058
"897",7161
"898",19080
"899",19625
"900",2786
"901",525
"902",17227
"903",9638
"904",20113
"905",20000
"906",17864
"907",10263
"908",16912
"909",1144
"910",11701
"911",4310
"912",10385
"913",11352
"914",10642
"915",7179
"916",233
"917",7719
"918",20603
"919",3082
"920",4773
"921",16616
"922",3821
"923",8140
"924",1289
"925",7182
"926",16764
"927",7653
"928",7817
"929",7516
"930",16774
"931",2087
"932",14361
"933",17833
"934",19316
"935",6362
"936",11941
"937",1288
"938",19662
"939",18632
"940",5489
"941",6354
"942",12422
"943",8516
"944",12209
"945",20123
"946",7763
"947",7138
"948",8351
"949",17550
"950",19415
"951",14701
"952",8673
"953",17241
"954",17715
"955",15794
"956",8188
"957",6926
"958",6771
"959",12732
"960",18594
"961",16666
"962",14782
"963",7937
"964",15601
"965",13382
"966",8709
"967",9260
"968",9721
"969",8065
"970",18456
"971",1719
"972",6651
"973",1543
"974",4160
"975",14581
"976",1922
"977",20469
"978",10381
"979",6249
"980",6250
"981",1557
"982",4556
"983",15235
"984",18514
"985",1860
"986",9081
"987",2111
"988",7039
"989",7905
"990",9809
"991",3535
"992",5660
"993",3843
"994",19579
"995",8847
"996",6241
"997",14396
"998",7736
"999",3635
"1000",6182
"1001",3425
"1002",13401
"1003",16561
"1004",12440
"1005",11046
"1006",13654
"1007",20180
"1008",10752
"1009",9456
"1010",2447
"1011",6579
"1012",12781
"1013",13342
"1014",1972
"1015",8251
"1016",9558
"1017",15578
"1018",6611
"1019",3570
"1020",8112
"1021",13926
"1022",6556
"1023",3196
"1024",16184
"1025",1221
"1026",2642
"1027",3911
"1028",15817
"1029",5840
"1030",11441
"1031",7835
"1032",18772
"1033",6545
"1034",18873
"1035",422
"1036",6308
"1037",11946
"1038",12219
"1039",15250
"1040",4853
"1041",15478
"1042",13535
"1043",5135
"1044",10999
"1045",704
"1046",553
"1047",11194
"1048",5671
"1049",12725
"1050",12695
"1051",7147
"1052",15318
"1053",13611
"1054",15935
"1055",127
"1056",13562
"1057",17322
"1058",16637
"1059",19524
"1060",2108
"1061",11054
"1062",13734
"1063",13374
"1064",6764
"1065",7016
"1066",6879
"1067",4183
"1068",6903
"1069",674
"1070",18834
"1071",1140
"1072",15344
"1073",13349
"1074",196
"1075",18673
"1076",10337
"1077",301
"1078",2169
"1079",18080
"1080",16756
"1081",10867
"1082",4620
"1083",6776
"1084",14276
"1085",5313
"1086",16257
"1087",6973
"1088",16234
"1089",10154
"1090",4259
"1091",4942
"1092",1847
"1093",12457
"1094",19525
"1095",11166
"1096",7401
"1097",18280
"1098",18179
"1099",16392
"1100",8368
"1101",19903
"1102",9963
"1103",16773
"1104",15985
"1105",14653
"1106",3732
"1107",3251
"1108",1531
"1109",2283
"1110",3563
"1111",18317
"1112",4569
"1113",9024
"1114",19034
"1115",15867
"1116",119
"1117",8324
"1118",6382
"1119",13472
"1120",5349
"1121",2932
"1122",4204
"1123",4428
"1124",15924
"1125",1877
"1126",19519
"1127",16568
"1128",12615
"1129",12251
"1130",4420
"1131",15860
"1132",12353
"1133",17712
"1134",19126
"1135",11201
"1136",14608
"1137",16837
"1138",1120
"1139",14589
"1140",20364
"1141",14346
"1142",19969
"1143",19136
"1144",6824
"1145",3167
"1146",9872
"1147",4947
"1148",13014
"1149",12300
"1150",14936
"1151",5513
"1152",14891
"1153",19931
"1154",8997
"1155",8748
"1156",1536
"1157",10637
"1158",10998
"1159",9428
"1160",5032
"1161",3374
"1162",8319
"1163",20311
"1164",2555
"1165",10414
"1166",3791
"1167",15672
"1168",19613
"1169",19360
"1170",17819
"1171",6277
"1172",1463
"1173",18110
"1174",9715
"1175",15767
"1176",14685
"1177",7169
"1178",13400
"1179",14138
"1180",4552
"1181",12041
"1182",4983
"1183",17822
"1184",14338
"1185",1581
"1186",18652
"1187",81
"1188",6708
"1189",10735
"1190",5887
"1191",14373
"1192",15745
"1193",12375
"1194",17845
"1195",114
"1196",15559
"1197",8222
"1198",758
"1199",3857
"1200",16341
"1201",4901
"1202",17461
"1203",19894
"1204",15457
"1205",15837
"1206",9654
"1207",8267
"1208",12736
"1209",841
"1210",8193
"1211",8665
"1212",1242
"1213",6880
"1214",4459
"1215",17530
"1216",19245
"1217",10106
"1218",10102
"1219",2793
"1220",17292
"1221",11208
"1222",8143
"1223",14973
"1224",8108
"1225",13769
"1226",10494
"1227",10824
"1228",6794
"1229",6927
"1230",20289
"1231",8226
"1232",3210
"1233",19230
"1234",9181
"1235",15961
"1236",769
"1237",15011
"1238",20196
"1239",15472
"1240",16209
"1241",6893
"1242",3612
"1243",7526
"1244",17449
"1245",4767
"1246",4137
"1247",6003
"1248",5503
"1249",854
"1250",11792
"1251",411
"1252",20048
"1253",11140
"1254",11234
"1255",12955
"1256",17300
"1257",9280
"1258",8485
"1259",10153
"1260",13911
"1261",10224
"1262",19348
"1263",2197
"1264",6624
"1265",6761
"1266",9728
"1267",5527
"1268",862
"1269",12306
"1270",481
"1271",7130
"1272",12029
"1273",3912
"1274",13250
"1275",453
"1276",11789
"1277",5343
"1278",881
"1279",12628
"1280",16161
"1281",5199
"1282",12179
"1283",5792
"1284",565
"1285",5737
"1286",550
"1287",197
"1288",1046
"1289",11162
"1290",5131
"1291",15829
"1292",12155
"1293",17411
"1294",16716
"1295",19308
"1296",12484
"1297",14353
"1298",8476
"1299",20034
"1300",4280
"1301",12831
"1302",18155
"1303",9355
"1304",5989
"1305",7730
"1306",16904
"1307",147
"1308",18541
"1309",6399
"1310",17329
"1311",10673
"1312",17895
"1313",20394
"1314",17501
"1315",17671
"1316",15218
"1317",19248
"1318",19981
"1319",3060
"1320",4970
"1321",7167
"1322",14480
"1323",19645
"1324",19946
"1325",2609
"1326",17779
"1327",11843
"1328",9934
"1329",20071
"1330",14125
"1331",595
"1332",13287
"1333",14026
"1334",6594
"1335",15155
"1336",14362
"1337",13955
"1338",18835
"1339",10846
"1340",20078
"1341",6435
"1342",9089
"1343",7264
"1344",1243
"1345",9176
"1346",17528
"1347",1691
"1348",174
"1349",15545
"1350",1414
"1351",15035
"1352",4460
"1353",18473
"1354",17570
"1355",14597
"1356",17763
"1357",2851
"1358",198
"1359",12321
"1360",3671
"1361",6238
"1362",14277
"1363",9281
"1364",4530
"1365",8024
"1366",17849
"1367",16579
"1368",13034
"1369",9266
"1370",19102
"1371",8710
"1372",13507
"1373",1335
"1374",15634
"1375",11787
"1376",6093
"1377",5497
"1378",12788
"1379",9879
"1380",16155
"1381",8235
"1382",9693
"1383",8785
"1384",5624
"1385",15126
"1386",11171
"1387",15666
"1388",8436
"1389",18357
"1390",11957
"1391",17377
"1392",5843
"1393",11311
"1394",5991
"1395",8015
"1396",155
"1397",5071
"1398",9589
"1399",13746
"1400",1054
"1401",14070
"1402",7181
"1403",4261
"1404",18961
"1405",9987
"1406",10156
"1407",7884
"1408",16776
"1409",2089
"1410",6353
"1411",10384
"1412",18114
"1413",17378
"1414",6623
"1415",6576
"1416",14807
"1417",6387
"1418",1962
"1419",17036
"1420",728
"1421",11044
"1422",3503
"1423",3395
"1424",2801
"1425",5998
"1426",19818
"1427",18490
"1428",6678
"1429",933
"1430",9635
"1431",4004
"1432",9842
"1433",8932
"1434",10542
"1435",19687
"1436",16352
"1437",9483
"1438",15091
"1439",18909
"1440",19631
"1441",4176
"1442",13729
"1443",12154
"1444",19940
"1445",7542
"1446",1629
"1447",2466
"1448",1339
"1449",3801
"1450",3154
"1451",2045
"1452",13744
"1453",1994
"1454",14391
"1455",10564
"1456",5385
"1457",9077
"1458",9505
"1459",1021
"1460",9294
"1461",8854
"1462",8636
"1463",8155
"1464",10904
"1465",8169
"1466",13900
"1467",746
"1468",11306
"1469",10254
"1470",15904
"1471",12117
"1472",15033
"1473",15321
"1474",17101
"1475",12648
"1476",19964
"1477",678
"1478",20287
"1479",3954
"1480",19813
"1481",17589
"1482",3817
"1483",16621
"1484",15506
"1485",15170
"1486",13748
"1487",9488
"1488",19501
"1489",18508
"1490",16736
"1491",6550
"1492",10865
"1493",18013
"1494",9433
"1495",6907
"1496",20133
"1497",17604
"1498",17347
"1499",8993
"1500",3389
"1501",17526
"1502",19705
"1503",6785
"1504",20515
"1505",17458
"1506",3442
"1507",4354
"1508",20505
"1509",16886
"1510",12998
"1511",9525
"1512",9759
"1513",16124
"1514",18086
"1515",16332
"1516",15085
"1517",9149
"1518",10881
"1519",16076
"1520",4564
"1521",7125
"1522",91
"1523",17118
"1524",3720
"1525",4990
"1526",9444
"1527",10952
"1528",13042
"1529",19324
"1530",17243
"1531",11722
"1532",11362
"1533",20297
"1534",10717
"1535",19226
"1536",14900
"1537",11011
"1538",8012
"1539",13130
"1540",10235
"1541",1080
"1542",1799
"1543",9243
"1544",8460
"1545",18022
"1546",8981
"1547",1111
"1548",18783
"1549",756
"1550",7320
"1551",9188
"1552",19367
"1553",1681
"1554",14419
"1555",524
"1556",19181
"1557",9092
"1558",1921
"1559",504
"1560",3254
"1561",4670
"1562",6372
"1563",20038
"1564",3688
"1565",1405
"1566",20429
"1567",15217
"1568",8724
"1569",17824
"1570",16474
"1571",18667
"1572",18537
"1573",2953
"1574",12973
"1575",14735
"1576",16631
"1577",11901
"1578",12578
"1579",16906
"1580",14190
"1581",2243
"1582",2364
"1583",1688
"1584",14919
"1585",9859
"1586",10818
"1587",15448
"1588",15302
"1589",15751
"1590",4957
"1591",11167
"1592",16615
"1593",5227
"1594",12984
"1595",6493
"1596",20550
"1597",17236
"1598",3785
"1599",9412
"1600",4686
"1601",19746
"1602",9648
"1603",1814
"1604",18745
"1605",1160
"1606",10960
"1607",4293
"1608",11159
"1609",8774
"1610",17552
"1611",11836
"1612",16122
"1613",8016
"1614",5788
"1615",11864
"1616",16210
"1617",15084
"1618",1271
"1619",19354
"1620",4113
"1621",12892
"1622",14250
"1623",11534
"1624",16266
"1625",19285
"1626",19815
"1627",20006
"1628",10981
"1629",9970
"1630",6873
"1631",15274
"1632",17893
"1633",14786
"1634",5613
"1635",5152
"1636",12415
"1637",1025
"1638",1085
"1639",12489
"1640",9411
"1641",7511
"1642",9282
"1643",8830
"1644",8078
"1645",386
"1646",238
"1647",14705
"1648",8181
"1649",16578
"1650",16372
"1651",10700
"1652",4308
"1653",14547
"1654",15584
"1655",8334
"1656",17807
"1657",17947
"1658",857
"1659",2248
"1660",19416
"1661",11468
"1662",18861
"1663",15937
"1664",9338
"1665",9603
"1666",3696
"1667",6406
"1668",11328
"1669",3419
"1670",19228
"1671",13874
"1672",17907
"1673",10624
"1674",2351
"1675",7265
"1676",650
"1677",57
"1678",20615
"1679",7520
"1680",5762
"1681",16509
"1682",2651
"1683",5939
"1684",4192
"1685",20155
"1686",16139
"1687",10712
"1688",16876
"1689",13764
"1690",19928
"1691",3037
"1692",13522
"1693",1344
"1694",1664
"1695",12921
"1696",8430
"1697",20497
"1698",13821
"1699",11010
"1700",1381
"1701",11800
"1702",11427
"1703",18338
"1704",8120
"1705",5616
"1706",11409
"1707",14740
"1708",19249
"1709",17512
"1710",13118
"1711",19318
"1712",8109
"1713",271
"1714",9548
"1715",18585
"1716",2055
"1717",1869
"1718",17586
"1719",4075
"1720",10124
"1721",7339
"1722",17765
"1723",13417
"1724",10002
"1725",7142
"1726",4115
"1727",6161
"1728",4105
"1729",11570
"1730",8344
"1731",17477
"1732",14212
"1733",19926
"1734",3756
"1735",1231
"1736",3611
"1737",631
"1738",4346
"1739",903
"1740",13743
"1741",19374
"1742",6284
"1743",17933
"1744",17642
"1745",16491
"1746",10397
"1747",8172
"1748",19466
"1749",11107
"1750",15346
"1751",18284
"1752",10330
"1753",7384
"1754",15941
"1755",17573
"1756",14585
"1757",10942
"1758",1023
"1759",13695
"1760",10758
"1761",4780
"1762",14088
"1763",10912
"1764",19535
"1765",12351
"1766",2418
"1767",10311
"1768",10084
"1769",6065
"1770",2057
"1771",99
"1772",2052
"1773",10066
"1774",6468
"1775",7654
"1776",10434
"1777",12683
"1778",2395
"1779",10578
"1780",2306
"1781",17492
"1782",20597
"1783",20104
"1784",3527
"1785",20090
"1786",2037
"1787",7144
"1788",2684
"1789",16469
"1790",17710
"1791",4410
"1792",11964
"1793",2260
"1794",12771
"1795",5907
"1796",7342
"1797",12049
"1798",4944
"1799",9327
"1800",7900
"1801",10283
"1802",16599
"1803",11811
"1804",12290
"1805",15330
"1806",10074
"1807",9652
"1808",18289
"1809",13007
"1810",7378
"1811",6440
"1812",15522
"1813",20116
"1814",20445
"1815",12494
"1816",7726
"1817",5676
"1818",2946
"1819",7454
"1820",18414
"1821",470
"1822",10899
"1823",13825
"1824",3109
"1825",2909
"1826",17437
"1827",15216
"1828",20161
"1829",12591
"1830",1366
"1831",2774
"1832",18006
"1833",13220
"1834",8678
"1835",15211
"1836",13289
"1837",15628
"1838",18843
"1839",7278
"1840",3057
"1841",402
"1842",17504
"1843",12994
"1844",12263
"1845",11004
"1846",7783
"1847",605
"1848",15304
"1849",11101
"1850",8791
"1851",6026
"1852",10996
"1853",17335
"1854",15411
"1855",1383
"1856",12646
"1857",2076
"1858",8776
"1859",5396
"1860",7345
"1861",20540
"1862",19572
"1863",13304
"1864",7300
"1865",18710
"1866",13569
"1867",5736
"1868",10331
"1869",984
"1870",10376
"1871",3128
"1872",973
"1873",6848
"1874",637
"1875",5546
"1876",4262
"1877",1426
"1878",8992
"1879",11330
"1880",13824
"1881",14121
"1882",18892
"1883",20007
"1884",20409
"1885",18217
"1886",8333
"1887",7347
"1888",14749
"1889",10538
"1890",16464
"1891",544
"1892",14909
"1893",3702
"1894",15800
"1895",19560
"1896",11738
"1897",8465
"1898",684
"1899",9875
"1900",7619
"1901",18150
"1902",12003
"1903",10068
"1904",14522
"1905",5586
"1906",14478
"1907",2221
"1908",11580
"1909",4411
"1910",4739
"1911",16416
"1912",18016
"1913",16733
"1914",18858
"1915",17938
"1916",20092
"1917",19580
"1918",9486
"1919",4878
"1920",4440
"1921",8173
"1922",1176
"1923",11684
"1924",6044
"1925",14741
"1926",10751
"1927",7005
"1928",6393
"1929",5798
"1930",7136
"1931",14880
"1932",17182
"1933",10429
"1934",5977
"1935",11249
"1936",4706
"1937",13420
"1938",7855
"1939",18555
"1940",15111
"1941",435
"1942",1831
"1943",19849
"1944",16508
"1945",14140
"1946",3913
"1947",14229
"1948",3348
"1949",7850
"1950",4151
"1951",6184
"1952",2985
"1953",17191
"1954",17651
"1955",13320
"1956",3927
"1957",8703
"1958",688
"1959",8903
"1960",11195
"1961",15624
"1962",10502
"1963",3480
"1964",18989
"1965",6084
"1966",17150
"1967",9096
"1968",7058
"1969",2688
"1970",8893
"1971",13200
"1972",3468
"1973",14294
"1974",17396
"1975",19227
"1976",17821
"1977",9533
"1978",9219
"1979",16661
"1980",16860
"1981",14727
"1982",9545
"1983",7049
"1984",3802
"1985",15602
"1986",10815
"1987",7482
"1988",1846
"1989",13612
"1990",4759
"1991",5899
"1992",10841
"1993",7021
"1994",5122
"1995",3020
"1996",18914
"1997",13947
"1998",2593
"1999",15139
"2000",9118
"2001",10807
"2002",1917
"2003",10875
"2004",16869
"2005",15057
"2006",1662
"2007",13857
"2008",8762
"2009",18156
"2010",13604
"2011",10314
"2012",6374
"2013",15322
"2014",13592
"2015",4056
"2016",980
"2017",11005
"2018",16505
"2019",19162
"2020",3707
"2021",3309
"2022",9992
"2023",2249
"2024",18093
"2025",6914
"2026",15865
"2027",6357
"2028",20061
"2029",10021
"2030",18137
"2031",18119
"2032",14056
"2033",441
"2034",20581
"2035",20386
"2036",11627
"2037",18957
"2038",20270
"2039",12110
"2040",19152
"2041",691
"2042",10884
"2043",1454
"2044",6969
"2045",656
"2046",14209
"2047",16333
"2048",15494
"2049",6181
"2050",350
"2051",11277
"2052",12941
"2053",19067
"2054",17575
"2055",14715
"2056",4698
"2057",4478
"2058",8907
"2059",7007
"2060",17968
"2061",7753
"2062",1775
"2063",6449
"2064",17488
"2065",9854
"2066",12706
"2067",10363
"2068",16835
"2069",2211
"2070",13095
"2071",7117
"2072",7105
"2073",8617
"2074",19755
"2075",19438
"2076",3844
"2077",9186
"2078",9894
"2079",4250
"2080",10663
"2081",20045
"2082",2163
"2083",1040
"2084",11040
"2085",14843
"2086",10882
"2087",11727
"2088",20131
"2089",14937
"2090",1393
"2091",15397
"2092",13230
"2093",1567
"2094",12852
"2095",3781
"2096",16271
"2097",20338
"2098",9651
"2099",7034
"2100",3313
"2101",20476
"2102",17109
"2103",3330
"2104",13480
"2105",12075
"2106",13353
"2107",20363
"2108",7936
"2109",11110
"2110",939
"2111",9594
"2112",4848
"2113",13961
"2114",17549
"2115",17254
"2116",787
"2117",15692
"2118",1759
"2119",8263
"2120",13917
"2121",6203
"2122",17596
"2123",7975
"2124",20164
"2125",6403
"2126",9021
"2127",15371
"2128",2337
"2129",1117
"2130",10539
"2131",1676
"2132",27
"2133",12686
"2134",8114
"2135",15255
"2136",19991
"2137",10063
"2138",8365
"2139",6233
"2140",7316
"2141",18042
"2142",10797
"2143",5191
"2144",16228
"2145",12266
"2146",13722
"2147",15206
"2148",12380
"2149",5848
"2150",18245
"2151",1469
"2152",17850
"2153",20272
"2154",2910
"2155",14006
"2156",12680
"2157",6329
"2158",14846
"2159",7636
"2160",16717
"2161",13241
"2162",16325
"2163",1928
"2164",2151
"2165",19950
"2166",11269
"2167",13841
"2168",1145
"2169",9782
"2170",7382
"2171",11587
"2172",14523
"2173",16839
"2174",14062
"2175",13773
"2176",4296
"2177",4322
"2178",16011
"2179",18910
"2180",15295
"2181",12126
"2182",17393
"2183",6809
"2184",12304
"2185",863
"2186",4088
"2187",5537
"2188",18849
"2189",15769
"2190",19155
"2191",19958
"2192",4165
"2193",6811
"2194",16154
"2195",16218
"2196",17261
"2197",12461
"2198",3485
"2199",3002
"2200",19823
"2201",14834
"2202",11868
"2203",6097
"2204",17415
"2205",6085
"2206",9886
"2207",19385
"2208",19713
"2209",7590
"2210",16288
"2211",1727
"2212",819
"2213",20042
"2214",5157
"2215",7847
"2216",20176
"2217",10455
"2218",1299
"2219",14437
"2220",1282
"2221",15053
"2222",16331
"2223",6207
"2224",15256
"2225",16514
"2226",2834
"2227",12586
"2228",3268
"2229",18346
"2230",18743
"2231",6218
"2232",6871
"2233",11917
"2234",4093
"2235",14118
"2236",5282
"2237",5727
"2238",3567
"2239",13404
"2240",1764
"2241",18521
"2242",12580
"2243",16988
"2244",19682
"2245",11382
"2246",3824
"2247",17674
"2248",10148
"2249",6102
"2250",10272
"2251",4258
"2252",12137
"2253",815
"2254",15907
"2255",2604
"2256",16409
"2257",4611
"2258",1633
"2259",5608
"2260",17412
"2261",5954
"2262",1456
"2263",7255
"2264",6046
"2265",7036
"2266",15244
"2267",9165
"2268",3434
"2269",997
"2270",661
"2271",5178
"2272",10403
"2273",18518
"2274",3228
"2275",15635
"2276",19935
"2277",15102
"2278",4313
"2279",10594
"2280",10711
"2281",13338
"2282",6810
"2283",7891
"2284",10216
"2285",6898
"2286",9565
"2287",13851
"2288",3294
"2289",3370
"2290",16330
"2291",4489
"2292",17692
"2293",199
"2294",13106
"2295",7391
"2296",3672
"2297",5344
"2298",12932
"2299",3147
"2300",17790
"2301",19987
"2302",12669
"2303",1251
"2304",8464
"2305",20247
"2306",16761
"2307",10854
"2308",12125
"2309",18749
"2310",2634
"2311",13919
"2312",4667
"2313",17777
"2314",9480
"2315",7095
"2316",2906
"2317",14531
"2318",11745
"2319",18192
"2320",7268
"2321",1498
"2322",10909
"2323",10485
"2324",7971
"2325",17515
"2326",16989
"2327",10551
"2328",8590
"2329",16619
"2330",11336
"2331",18600
"2332",17030
"2333",15464
"2334",923
"2335",17386
"2336",13270
"2337",16425
"2338",10511
"2339",5009
"2340",5709
"2341",11276
"2342",3523
"2343",3759
"2344",17312
"2345",1982
"2346",6433
"2347",16807
"2348",1959
"2349",20170
"2350",5845
"2351",4218
"2352",478
"2353",7659
"2354",18226
"2355",8066
"2356",10104
"2357",7932
"2358",6259
"2359",18294
"2360",6134
"2361",10932
"2362",9419
"2363",2062
"2364",14648
"2365",3705
"2366",3992
"2367",2386
"2368",5126
"2369",12383
"2370",13944
"2371",5321
"2372",10645
"2373",7648
"2374",2847
"2375",7077
"2376",6282
"2377",6555
"2378",12
"2379",3488
"2380",1551
"2381",12701
"2382",682
"2383",15851
"2384",17404
"2385",14064
"2386",2310
"2387",12316
"2388",10911
"2389",17874
"2390",5339
"2391",8654
"2392",15755
"2393",5179
"2394",18297
"2395",18106
"2396",8527
"2397",14017
"2398",15505
"2399",2630
"2400",11559
"2401",16693
"2402",570
"2403",2864
"2404",7840
"2405",18758
"2406",19194
"2407",12379
"2408",6132
"2409",11053
"2410",7321
"2411",2348
"2412",9887
"2413",6245
"2414",18495
"2415",836
"2416",7933
"2417",16149
"2418",3999
"2419",16951
"2420",16038
"2421",13866
"2422",17766
"2423",17843
"2424",20405
"2425",5476
"2426",4446
"2427",17697
"2428",15727
"2429",14400
"2430",19880
"2431",16957
"2432",5226
"2433",9999
"2434",18337
"2435",13305
"2436",15375
"2437",19647
"2438",3397
"2439",2362
"2440",15971
"2441",16698
"2442",5320
"2443",3828
"2444",17854
"2445",9179
"2446",14412
"2447",4999
"2448",8699
"2449",7473
"2450",5726
"2451",355
"2452",13643
"2453",3399
"2454",12956
"2455",9384
"2456",17376
"2457",11120
"2458",20052
"2459",11642
"2460",15405
"2461",282
"2462",19804
"2463",14561
"2464",11349
"2465",19764
"2466",6742
"2467",1932
"2468",5984
"2469",18942
"2470",5359
"2471",16961
"2472",3780
"2473",19758
"2474",19157
"2475",5193
"2476",1838
"2477",4692
"2478",13506
"2479",1275
"2480",17978
"2481",10668
"2482",8523
"2483",9164
"2484",2696
"2485",19854
"2486",3206
"2487",2561
"2488",8979
"2489",7679
"2490",12944
"2491",11424
"2492",9521
"2493",19450
"2494",2050
"2495",18943
"2496",11503
"2497",214
"2498",17774
"2499",15135
"2500",13232
"2501",12729
"2502",16695
"2503",4128
"2504",19356
"2505",1320
"2506",2116
"2507",17291
"2508",10507
"2509",9452
"2510",9263
"2511",18588
"2512",632
"2513",12161
"2514",18320
"2515",5715
"2516",13065
"2517",2370
"2518",15514
"2519",446
"2520",9694
"2521",8925
"2522",19281
"2523",2928
"2524",7363
"2525",6739
"2526",18958
"2527",11831
"2528",18169
"2529",17124
"2530",15334
"2531",16355
"2532",10765
"2533",17838
"2534",11887
"2535",7457
"2536",9191
"2537",3326
"2538",17017
"2539",4516
"2540",12518
"2541",2054
"2542",12031
"2543",11535
"2544",14322
"2545",12427
"2546",713
"2547",2501
"2548",8835
"2549",1758
"2550",12579
"2551",1873
"2552",11006
"2553",4953
"2554",1151
"2555",18367
"2556",11106
"2557",17718
"2558",6634
"2559",17659
"2560",3477
"2561",4281
"2562",3836
"2563",5609
"2564",15951
"2565",13296
"2566",4307
"2567",7397
"2568",15171
"2569",4527
"2570",4073
"2571",14583
"2572",5704
"2573",5308
"2574",676
"2575",11469
"2576",15815
"2577",9639
"2578",4187
"2579",12977
"2580",1736
"2581",19739
"2582",8298
"2583",17094
"2584",13135
"2585",15377
"2586",3301
"2587",9895
"2588",6675
"2589",10732
"2590",10781
"2591",9145
"2592",7107
"2593",19792
"2594",13941
"2595",7460
"2596",19163
"2597",7706
"2598",18881
"2599",19685
"2600",14550
"2601",15683
"2602",18820
"2603",20500
"2604",17950
"2605",8670
"2606",14569
"2607",16454
"2608",15100
"2609",14501
"2610",3521
"2611",15061
"2612",15422
"2613",19566
"2614",5408
"2615",17365
"2616",19229
"2617",18152
"2618",5015
"2619",9059
"2620",15996
"2621",11657
"2622",18646
"2623",17137
"2624",4378
"2625",11164
"2626",12210
"2627",9108
"2628",10914
"2629",3668
"2630",9655
"2631",8183
"2632",8466
"2633",8719
"2634",12487
"2635",4205
"2636",18572
"2637",1203
"2638",11863
"2639",16972
"2640",15969
"2641",5593
"2642",19898
"2643",4456
"2644",6723
"2645",15097
"2646",8265
"2647",20552
"2648",17625
"2649",13085
"2650",14126
"2651",11662
"2652",12234
"2653",4003
"2654",3263
"2655",9093
"2656",19805
"2657",6560
"2658",17584
"2659",19872
"2660",3386
"2661",20461
"2662",15795
"2663",19175
"2664",5210
"2665",831
"2666",9707
"2667",13936
"2668",4991
"2669",13163
"2670",16787
"2671",13000
"2672",18140
"2673",13384
"2674",8184
"2675",112
"2676",11411
"2677",4818
"2678",13897
"2679",262
"2680",2451
"2681",2625
"2682",17593
"2683",9299
"2684",14304
"2685",9690
"2686",6186
"2687",4172
"2688",8457
"2689",9273
"2690",10416
"2691",6730
"2692",15616
"2693",12817
"2694",19955
"2695",12652
"2696",8746
"2697",16181
"2698",745
"2699",19458
"2700",16441
"2701",8090
"2702",14910
"2703",15246
"2704",17002
"2705",11204
"2706",1563
"2707",16498
"2708",17757
"2709",10326
"2710",4319
"2711",9839
"2712",11111
"2713",20432
"2714",6749
"2715",12498
"2716",483
"2717",5682
"2718",5261
"2719",14944
"2720",15596
"2721",1622
"2722",16360
"2723",3922
"2724",11364
"2725",14145
"2726",16025
"2727",14537
"2728",1651
"2729",8704
"2730",15989
"2731",7553
"2732",14148
"2733",11768
"2734",11078
"2735",4342
"2736",5772
"2737",4559
"2738",16255
"2739",2916
"2740",3708
"2741",2571
"2742",11058
"2743",16945
"2744",19001
"2745",14423
"2746",5404
"2747",5437
"2748",20374
"2749",8781
"2750",2207
"2751",5505
"2752",7979
"2753",8647
"2754",47
"2755",2384
"2756",17830
"2757",5276
"2758",3675
"2759",16825
"2760",4303
"2761",15480
"2762",14117
"2763",11529
"2764",19658
"2765",14409
"2766",1006
"2767",18558
"2768",2028
"2769",11734
"2770",6905
"2771",3735
"2772",790
"2773",4880
"2774",17953
"2775",14869
"2776",13075
"2777",6037
"2778",1941
"2779",19817
"2780",9002
"2781",13576
"2782",17962
"2783",6509
"2784",3094
"2785",4437
"2786",13707
"2787",13709
"2788",13434
"2789",12598
"2790",14744
"2791",1424
"2792",8060
"2793",12352
"2794",10160
"2795",10566
"2796",7501
"2797",13852
"2798",795
"2799",16024
"2800",14066
"2801",9691
"2802",11532
"2803",11712
"2804",1189
"2805",3931
"2806",10186
"2807",12840
"2808",6162
"2809",9623
"2810",832
"2811",10727
"2812",14984
"2813",10868
"2814",10515
"2815",4891
"2816",898
"2817",15834
"2818",13132
"2819",8377
"2820",13682
"2821",4340
"2822",17860
"2823",13370
"2824",13548
"2825",16915
"2826",11431
"2827",3740
"2828",1946
"2829",180
"2830",6662
"2831",10834
"2832",14246
"2833",14095
"2834",8815
"2835",12767
"2836",7168
"2837",19997
"2838",15072
"2839",14931
"2840",14097
"2841",3335
"2842",9996
"2843",954
"2844",6428
"2845",10000
"2846",12672
"2847",14606
"2848",1665
"2849",15099
"2850",1576
"2851",7761
"2852",10619
"2853",4458
"2854",18012
"2855",3499
"2856",9385
"2857",19973
"2858",10986
"2859",8887
"2860",16850
"2861",15294
"2862",14127
"2863",20553
"2864",20467
"2865",17367
"2866",2573
"2867",1555
"2868",5821
"2869",19223
"2870",11400
"2871",1944
"2872",14633
"2873",7246
"2874",4519
"2875",6657
"2876",6048
"2877",18877
"2878",8980
"2879",2901
"2880",7109
"2881",12971
"2882",6710
"2883",20630
"2884",16316
"2885",14785
"2886",20367
"2887",18005
"2888",7502
"2889",1014
"2890",20149
"2891",8918
"2892",10257
"2893",2294
"2894",16672
"2895",5892
"2896",1779
"2897",14530
"2898",17212
"2899",19516
"2900",11104
"2901",2302
"2902",5529
"2903",8935
"2904",2896
"2905",12967
"2906",1215
"2907",4241
"2908",17024
"2909",15064
"2910",8978
"2911",19674
"2912",16977
"2913",17484
"2914",12759
"2915",11177
"2916",4248
"2917",14445
"2918",6036
"2919",14913
"2920",13703
"2921",378
"2922",11511
"2923",3445
"2924",6447
"2925",20191
"2926",10076
"2927",17149
"2928",2962
"2929",15329
"2930",3357
"2931",4199
"2932",3907
"2933",9074
"2934",15652
"2935",13332
"2936",7314
"2937",3105
"2938",5916
"2939",11577
"2940",20313
"2941",17724
"2942",18101
"2943",5429
"2944",1356
"2945",5488
"2946",19195
"2947",5253
"2948",6068
"2949",12606
"2950",10928
"2951",16566
"2952",4232
"2953",7249
"2954",5985
"2955",20235
"2956",18848
"2957",12574
"2958",455
"2959",6061
"2960",15724
"2961",13626
"2962",17472
"2963",5248
"2964",6118
"2965",19417
"2966",18229
"2967",1439
"2968",18335
"2969",8501
"2970",1907
"2971",9960
"2972",15662
"2973",18568
"2974",8889
"2975",10341
"2976",3427
"2977",9380
"2978",2704
"2979",12118
"2980",1276
"2981",11579
"2982",14264
"2983",4363
"2984",5735
"2985",8696
"2986",9010
"2987",13383
"2988",17157
"2989",12981
"2990",1517
"2991",17544
"2992",14301
"2993",19021
"2994",13755
"2995",20598
"2996",593
"2997",340
"2998",4989
"2999",5721
"3000",12774
"3001",6320
"3002",19037
"3003",7026
"3004",19238
"3005",1455
"3006",10919
"3007",9961
"3008",10893
"3009",19865
"3010",4039
"3011",19944
"3012",19018
"3013",5333
"3014",20341
"3015",7749
"3016",16659
"3017",5430
"3018",13783
"3019",18126
"3020",8448
"3021",4223
"3022",1223
"3023",9144
"3024",4745
"3025",18680
"3026",12505
"3027",8559
"3028",10095
"3029",2738
"3030",3010
"3031",15232
"3032",17648
"3033",6103
"3034",4465
"3035",20162
"3036",15009
"3037",11578
"3038",5507
"3039",1184
"3040",18286
"3041",16477
"3042",14238
"3043",20298
"3044",13881
"3045",16990
"3046",4635
"3047",11279
"3048",6457
"3049",10490
"3050",7100
"3051",244
"3052",15781
"3053",4222
"3054",15226
"3055",18415
"3056",3794
"3057",5180
"3058",16093
"3059",7436
"3060",14371
"3061",9158
"3062",8511
"3063",8138
"3064",15570
"3065",1509
"3066",20580
"3067",13819
"3068",8923
"3069",2722
"3070",11119
"3071",7903
"3072",11563
"3073",9016
"3074",18409
"3075",12942
"3076",10446
"3077",11025
"3078",16427
"3079",14577
"3080",4752
"3081",15311
"3082",9396
"3083",19442
"3084",9821
"3085",20535
"3086",14665
"3087",6691
"3088",6721
"3089",43
"3090",2035
"3091",17870
"3092",15960
"3093",8380
"3094",3840
"3095",3401
"3096",2695
"3097",1081
"3098",1449
"3099",1585
"3100",8958
"3101",4710
"3102",15281
"3103",18674
"3104",2032
"3105",19860
"3106",6106
"3107",13217
"3108",13046
"3109",13301
"3110",10787
"3111",1398
"3112",13231
"3113",12735
"3114",1850
"3115",12910
"3116",7682
"3117",2878
"3118",11919
"3119",6772
"3120",1466
"3121",19278
"3122",17722
"3123",800
"3124",1468
"3125",20307
"3126",1304
"3127",10611
"3128",18828
"3129",13149
"3130",17608
"3131",14427
"3132",13788
"3133",9779
"3134",11370
"3135",3098
"3136",11705
"3137",798
"3138",15439
"3139",16489
"3140",12035
"3141",15443
"3142",5457
"3143",10014
"3144",4701
"3145",16870
"3146",9607
"3147",20073
"3148",1327
"3149",2914
"3150",515
"3151",18517
"3152",1943
"3153",18134
"3154",1923
"3155",5571
"3156",16625
"3157",9601
"3158",8878
"3159",14248
"3160",182
"3161",16251
"3162",8688
"3163",16224
"3164",18424
"3165",2850
"3166",10604
"3167",132
"3168",3681
"3169",727
"3170",5188
"3171",14195
"3172",12609
"3173",11200
"3174",9489
"3175",1470
"3176",17304
"3177",11968
"3178",13449
"3179",7981
"3180",14559
"3181",11136
"3182",3303
"3183",4163
"3184",14385
"3185",17620
"3186",13045
"3187",7426
"3188",12014
"3189",18243
"3190",2806
"3191",14637
"3192",3138
"3193",7508
"3194",19841
"3195",14704
"3196",149
"3197",7765
"3198",5398
"3199",4856
"3200",13275
"3201",1735
"3202",18675
"3203",13666
"3204",16448
"3205",6942
"3206",2935
"3207",11102
"3208",10301
"3209",3119
"3210",11463
"3211",15178
"3212",7311
"3213",13101
"3214",14147
"3215",13765
"3216",18146
"3217",1358
"3218",20004
"3219",14286
"3220",15169
"3221",8809
"3222",2289
"3223",4612
"3224",16265
"3225",14
"3226",7924
"3227",4954
"3228",20356
"3229",6337
"3230",19883
"3231",14865
"3232",7674
"3233",9162
"3234",3934
"3235",5216
"3236",19547
"3237",8187
"3238",7131
"3239",1745
"3240",17569
"3241",4405
"3242",6806
"3243",6452
"3244",15280
"3245",3291
"3246",8882
"3247",7795
"3248",8658
"3249",3889
"3250",11767
"3251",6214
"3252",8168
"3253",17554
"3254",5047
"3255",3640
"3256",2478
"3257",14172
"3258",11148
"3259",16575
"3260",9448
"3261",4561
"3262",8397
"3263",19885
"3264",2988
"3265",9445
"3266",9465
"3267",17344
"3268",16848
"3269",10805
"3270",13421
"3271",3193
"3272",7412
"3273",11990
"3274",10554
"3275",18341
"3276",9343
"3277",12382
"3278",17769
"3279",4492
"3280",9901
"3281",20449
"3282",14885
"3283",5600
"3284",11490
"3285",17409
"3286",1534
"3287",17614
"3288",20257
"3289",15885
"3290",14237
"3291",13890
"3292",2859
"3293",15766
"3294",18988
"3295",5594
"3296",8447
"3297",381
"3298",16504
"3299",11464
"3300",2873
"3301",3169
"3302",4521
"3303",19405
"3304",4646
"3305",20451
"3306",7752
"3307",2977
"3308",2409
"3309",20255
"3310",15976
"3311",10023
"3312",12423
"3313",10517
"3314",13614
"3315",16371
"3316",17211
"3317",5174
"3318",4109
"3319",2936
"3320",13509
"3321",13872
"3322",3269
"3323",1220
"3324",9637
"3325",2027
"3326",666
"3327",4433
"3328",20487
"3329",19164
"3330",2136
"3331",3116
"3332",5272
"3333",18709
"3334",15569
"3335",9423
"3336",7931
"3337",10687
"3338",7650
"3339",16167
"3340",18927
"3341",18002
"3342",2147
"3343",3504
"3344",6677
"3345",8405
"3346",5686
"3347",11368
"3348",12790
"3349",8795
"3350",16342
"3351",16610
"3352",8277
"3353",13222
"3354",17998
"3355",19596
"3356",2485
"3357",9012
"3358",20274
"3359",6330
"3360",7006
"3361",7824
"3362",15938
"3363",11849
"3364",16845
"3365",5065
"3366",8738
"3367",17979
"3368",559
"3369",10596
"3370",7522
"3371",12054
"3372",15400
"3373",19734
"3374",14008
"3375",20368
"3376",2623
"3377",1564
"3378",9814
"3379",18432
"3380",12285
"3381",7018
"3382",16817
"3383",16340
"3384",5780
"3385",2681
"3386",3721
"3387",12898
"3388",13157
"3389",17216
"3390",18833
"3391",5534
"3392",5365
"3393",3914
"3394",10174
"3395",14465
"3396",4244
"3397",18816
"3398",10401
"3399",2441
"3400",3290
"3401",5473
"3402",7493
"3403",5445
"3404",13258
"3405",16321
"3406",11598
"3407",3792
"3408",12556
"3409",13407
"3410",18270
"3411",15930
"3412",15513
"3413",702
"3414",7514
"3415",5304
"3416",20545
"3417",19683
"3418",14254
"3419",3123
"3420",18239
"3421",7046
"3422",774
"3423",450
"3424",17577
"3425",12183
"3426",19472
"3427",2776
"3428",2344
"3429",14686
"3430",3145
"3431",5412
"3432",17434
"3433",18750
"3434",6375
"3435",17775
"3436",1044
"3437",16865
"3438",4210
"3439",19027
"3440",19207
"3441",10837
"3442",19053
"3443",6911
"3444",19741
"3445",3391
"3446",5334
"3447",18980
"3448",12188
"3449",7660
"3450",11374
"3451",4200
"3452",5354
"3453",4881
"3454",13236
"3455",17414
"3456",13549
"3457",14386
"3458",7132
"3459",11952
"3460",1501
"3461",8239
"3462",13679
"3463",10670
"3464",8310
"3465",809
"3466",15393
"3467",10415
"3468",5760
"3469",176
"3470",6531
"3471",3202
"3472",18440
"3473",13708
"3474",136
"3475",9888
"3476",15756
"3477",12681
"3478",12319
"3479",2600
"3480",1462
"3481",1161
"3482",5658
"3483",13590
"3484",20130
"3485",12336
"3486",10588
"3487",19531
"3488",1351
"3489",6081
"3490",3247
"3491",18085
"3492",3766
"3493",11033
"3494",5040
"3495",1210
"3496",52
"3497",668
"3498",17603
"3499",318
"3500",4031
"3501",662
"3502",14242
"3503",10354
"3504",2958
"3505",16386
"3506",15782
"3507",72
"3508",16196
"3509",17136
"3510",10181
"3511",15320
"3512",9388
"3513",6650
"3514",2782
"3515",12348
"3516",18719
"3517",10612
"3518",4364
"3519",12072
"3520",20290
"3521",10688
"3522",13530
"3523",3350
"3524",8196
"3525",169
"3526",4551
"3527",8837
"3528",20080
"3529",16390
"3530",5830
"3531",17421
"3532",13073
"3533",4876
"3534",2661
"3535",4930
"3536",18074
"3537",10635
"3538",15200
"3539",5701
"3540",17971
"3541",18124
"3542",8545
"3543",11485
"3544",657
"3545",7673
"3546",5929
"3547",9071
"3548",18726
"3549",7940
"3550",9232
"3551",5521
"3552",1769
"3553",14174
"3554",6104
"3555",7605
"3556",9331
"3557",8341
"3558",4194
"3559",6548
"3560",8556
"3561",7782
"3562",1219
"3563",18307
"3564",2846
"3565",13009
"3566",905
"3567",15062
"3568",16527
"3569",9625
"3570",6514
"3571",4418
"3572",1477
"3573",14753
"3574",6997
"3575",6419
"3576",716
"3577",5577
"3578",17510
"3579",10112
"3580",10860
"3581",10405
"3582",10388
"3583",4025
"3584",10736
"3585",18364
"3586",16525
"3587",11242
"3588",9925
"3589",8690
"3590",4509
"3591",10723
"3592",7985
"3593",12443
"3594",8055
"3595",635
"3596",2217
"3597",12577
"3598",810
"3599",14702
"3600",9500
"3601",17928
"3602",11218
"3603",8589
"3604",11225
"3605",17305
"3606",5512
"3607",1766
"3608",8793
"3609",17156
"3610",19933
"3611",2277
"3612",17016
"3613",3041
"3614",3304
"3615",333
"3616",17656
"3617",18789
"3618",19036
"3619",3289
"3620",11756
"3621",8198
"3622",11602
"3623",4668
"3624",365
"3625",18111
"3626",15156
"3627",8860
"3628",13700
"3629",13593
"3630",775
"3631",4583
"3632",8635
"3633",5579
"3634",1707
"3635",19605
"3636",8564
"3637",2513
"3638",12772
"3639",18733
"3640",16963
"3641",18699
"3642",8799
"3643",8213
"3644",11404
"3645",18468
"3646",915
"3647",10374
"3648",9125
"3649",5680
"3650",2924
"3651",11491
"3652",16127
"3653",19350
"3654",7809
"3655",12553
"3656",1181
"3657",18354
"3658",5793
"3659",16935
"3660",20234
"3661",12502
"3662",557
"3663",20536
"3664",12755
"3665",18573
"3666",5966
"3667",17511
"3668",8044
"3669",19422
"3670",5252
"3671",19124
"3672",16263
"3673",7699
"3674",10763
"3675",4483
"3676",115
"3677",18754
"3678",13036
"3679",5442
"3680",16010
"3681",12318
"3682",19889
"3683",8017
"3684",20043
"3685",7371
"3686",5893
"3687",15760
"3688",8519
"3689",20361
"3690",11219
"3691",15124
"3692",6099
"3693",16066
"3694",19691
"3695",16084
"3696",9719
"3697",1871
"3698",7025
"3699",15684
"3700",15850
"3701",14247
"3702",18
"3703",7819
"3704",10355
"3705",2885
"3706",16044
"3707",7962
"3708",7253
"3709",12507
"3710",5022
"3711",12233
"3712",1966
"3713",6438
"3714",10852
"3715",1938
"3716",118
"3717",7826
"3718",8555
"3719",11023
"3720",14119
"3721",12393
"3722",11199
"3723",171
"3724",4608
"3725",15863
"3726",6405
"3727",14330
"3728",4390
"3729",15413
"3730",18912
"3731",19204
"3732",15694
"3733",15949
"3734",10764
"3735",13537
"3736",2907
"3737",6588
"3738",6087
"3739",15685
"3740",1165
"3741",13144
"3742",9330
"3743",10093
"3744",9649
"3745",4883
"3746",8254
"3747",6972
"3748",9203
"3749",16725
"3750",12441
"3751",6383
"3752",14609
"3753",621
"3754",8481
"3755",8445
"3756",15222
"3757",16585
"3758",10178
"3759",10171
"3760",17713
"3761",11894
"3762",1908
"3763",20095
"3764",2490
"3765",8426
"3766",20039
"3767",9231
"3768",15193
"3769",14827
"3770",8585
"3771",17088
"3772",8838
"3773",20228
"3774",6216
"3775",4591
"3776",1985
"3777",9798
"3778",56
"3779",2983
"3780",3997
"3781",8105
"3782",10072
"3783",9209
"3784",2333
"3785",4844
"3786",3773
"3787",3695
"3788",11188
"3789",1232
"3790",13441
"3791",37
"3792",7256
"3793",6999
"3794",3200
"3795",14494
"3796",1825
"3797",8293
"3798",10749
"3799",7948
"3800",12262
"3801",11380
"3802",13484
"3803",2701
"3804",17737
"3805",1483
"3806",5414
"3807",6897
"3808",4972
"3809",7510
"3810",7693
"3811",1826
"3812",14175
"3813",247
"3814",9279
"3815",6976
"3816",12592
"3817",4079
"3818",19303
"3819",15119
"3820",1947
"3821",11528
"3822",5003
"3823",20345
"3824",15379
"3825",8588
"3826",3063
"3827",14450
"3828",10345
"3829",6475
"3830",17599
"3831",1331
"3832",10065
"3833",13675
"3834",17650
"3835",18292
"3836",14616
"3837",59
"3838",5943
"3839",11312
"3840",20041
"3841",3652
"3842",13571
"3843",9695
"3844",1218
"3845",1064
"3846",9369
"3847",1708
"3848",16238
"3849",18075
"3850",12221
"3851",18715
"3852",3151
"3853",3317
"3854",9827
"3855",7202
"3856",13112
"3857",1436
"3858",5439
"3859",20419
"3860",2341
"3861",16481
"3862",4615
"3863",9579
"3864",12603
"3865",9569
"3866",13705
"3867",15076
"3868",8190
"3869",14191
"3870",13939
"3871",7950
"3872",3248
"3873",927
"3874",3651
"3875",3616
"3876",7428
"3877",19099
"3878",11450
"3879",14451
"3880",16917
"3881",10289
"3882",2304
"3883",18534
"3884",6143
"3885",10109
"3886",13790
"3887",4008
"3888",1549
"3889",18449
"3890",4840
"3891",17107
"3892",8855
"3893",1613
"3894",7999
"3895",16675
"3896",13181
"3897",13494
"3898",5215
"3899",1734
"3900",14873
"3901",5353
"3902",14366
"3903",13037
"3904",7811
"3905",16516
"3906",17682
"3907",5824
"3908",6959
"3909",5221
"3910",2502
"3911",8489
"3912",17927
"3913",14124
"3914",17810
"3915",13210
"3916",16006
"3917",11383
"3918",3949
"3919",9296
"3920",9850
"3921",3777
"3922",17188
"3923",16240
"3924",14046
"3925",20079
"3926",6671
"3927",9365
"3928",16571
"3929",7546
"3930",14872
"3931",7469
"3932",10658
"3933",11576
"3934",12769
"3935",11548
"3936",4120
"3937",19637
"3938",18716
"3939",361
"3940",5080
"3941",10773
"3942",8867
"3943",139
"3944",19585
"3945",14284
"3946",12203
"3947",2084
"3948",19315
"3949",8937
"3950",3479
"3951",4461
"3952",13659
"3953",17311
"3954",11266
"3955",16832
"3956",1593
"3957",16704
"3958",5885
"3959",1812
"3960",4018
"3961",177
"3962",324
"3963",2074
"3964",6818
"3965",3633
"3966",13835
"3967",5377
"3968",11357
"3969",765
"3970",2244
"3971",10130
"3972",19321
"3973",124
"3974",6863
"3975",15940
"3976",6429
"3977",5078
"3978",16374
"3979",15826
"3980",2090
"3981",19669
"3982",20366
"3983",6516
"3984",19852
"3985",20340
"3986",18882
"3987",7244
"3988",9098
"3989",3834
"3990",16857
"3991",16173
"3992",16685
"3993",19749
"3994",15973
"3995",8633
"3996",12148
"3997",6587
"3998",11393
"3999",6978
"4000",1153
"4001",18506
"4002",16647
"4003",19985
"4004",9105
"4005",3733
"4006",3798
"4007",18836
"4008",10940
"4009",20342
"4010",3120
"4011",19892
"4012",767
"4013",14215
"4014",14991
"4015",19451
"4016",1049
"4017",10159
"4018",15212
"4019",19820
"4020",1213
"4021",7844
"4022",13526
"4023",15733
"4024",10626
"4025",3484
"4026",18423
"4027",16563
"4028",17050
"4029",11264
"4030",19059
"4031",9224
"4032",17447
"4033",6977
"4034",13508
"4035",18264
"4036",20108
"4037",18342
"4038",8640
"4039",4528
"4040",14490
"4041",1656
"4042",5486
"4043",19433
"4044",15679
"4045",15341
"4046",8782
"4047",7750
"4048",15482
"4049",13367
"4050",5438
"4051",15376
"4052",10789
"4053",4567
"4054",6264
"4055",16130
"4056",6985
"4057",18904
"4058",14273
"4059",4180
"4060",10048
"4061",8615
"4062",9596
"4063",7333
"4064",5185
"4065",16396
"4066",11509
"4067",20352
"4068",2413
"4069",7193
"4070",5312
"4071",18057
"4072",17856
"4073",9790
"4074",17752
"4075",16822
"4076",2480
"4077",19420
"4078",12795
"4079",3312
"4080",9772
"4081",82
"4082",20325
"4083",8348
"4084",14941
"4085",18116
"4086",19806
"4087",10202
"4088",5108
"4089",10699
"4090",13634
"4091",16729
"4092",5063
"4093",17708
"4094",6784
"4095",3125
"4096",16813
"4097",9492
"4098",3142
"4099",13031
"4100",13739
"4101",11494
"4102",16324
"4103",5960
"4104",16131
"4105",15857
"4106",1710
"4107",328
"4108",8775
"4109",11834
"4110",17133
"4111",5552
"4112",11456
"4113",16745
"4114",16944
"4115",14089
"4116",638
"4117",3595
"4118",8141
"4119",16669
"4120",15164
"4121",7642
"4122",11318
"4123",20503
"4124",9278
"4125",15015
"4126",15642
"4127",5165
"4128",3413
"4129",15305
"4130",8178
"4131",13641
"4132",12716
"4133",13915
"4134",9041
"4135",14656
"4136",4529
"4137",12264
"4138",9173
"4139",16718
"4140",9110
"4141",5087
"4142",8848
"4143",12288
"4144",1530
"4145",13565
"4146",17539
"4147",3737
"4148",10689
"4149",11021
"4150",15071
"4151",2498
"4152",3379
"4153",17214
"4154",11243
"4155",9053
"4156",9309
"4157",17391
"4158",998
"4159",1041
"4160",20165
"4161",1896
"4162",4691
"4163",14967
"4164",7137
"4165",3987
"4166",17729
"4167",1052
"4168",19100
"4169",8413
"4170",20395
"4171",5556
"4172",12082
"4173",9847
"4174",6139
"4175",6456
"4176",5853
"4177",18471
"4178",18552
"4179",16550
"4180",17832
"4181",2739
"4182",6542
"4183",18315
"4184",15855
"4185",13483
"4186",7350
"4187",17000
"4188",19744
"4189",13060
"4190",12617
"4191",8129
"4192",15290
"4193",5045
"4194",9478
"4195",18895
"4196",10894
"4197",6697
"4198",16580
"4199",7799
"4200",11030
"4201",20253
"4202",6276
"4203",9946
"4204",2146
"4205",5746
"4206",6024
"4207",15803
"4208",5099
"4209",8858
"4210",12954
"4211",3865
"4212",48
"4213",17663
"4214",5908
"4215",8679
"4216",15983
"4217",31
"4218",17229
"4219",299
"4220",12277
"4221",8677
"4222",9727
"4223",16673
"4224",2439
"4225",13981
"4226",783
"4227",4637
"4228",771
"4229",10536
"4230",681
"4231",18224
"4232",9771
"4233",12311
"4234",3371
"4235",13740
"4236",5195
"4237",3205
"4238",13951
"4239",5621
"4240",5839
"4241",353
"4242",8455
"4243",4131
"4244",15982
"4245",19986
"4246",15078
"4247",16121
"4248",10094
"4249",14205
"4250",15954
"4251",2467
"4252",15029
"4253",1257
"4254",4601
"4255",6225
"4256",3253
"4257",5059
"4258",17816
"4259",18705
"4260",19087
"4261",2359
"4262",7270
"4263",19305
"4264",10811
"4265",5125
"4266",1018
"4267",6807
"4268",8706
"4269",15489
"4270",17639
"4271",19802
"4272",12890
"4273",7399
"4274",17802
"4275",18741
"4276",7097
"4277",1208
"4278",11335
"4279",13308
"4280",13136
"4281",8035
"4282",5440
"4283",17410
"4284",17913
"4285",20377
"4286",19576
"4287",5246
"4288",16998
"4289",10298
"4290",17053
"4291",11698
"4292",3393
"4293",11496
"4294",1641
"4295",5101
"4296",3581
"4297",7882
"4298",3646
"4299",11003
"4300",11974
"4301",9863
"4302",6324
"4303",7476
"4304",7669
"4305",20124
"4306",12406
"4307",12391
"4308",15928
"4309",15746
"4310",10641
"4311",16934
"4312",11920
"4313",8826
"4314",14728
"4315",6551
"4316",8431
"4317",13574
"4318",4992
"4319",15195
"4320",5732
"4321",10615
"4322",17699
"4323",10625
"4324",16887
"4325",2094
"4326",10461
"4327",8668
"4328",17341
"4329",9868
"4330",20570
"4331",18703
"4332",5450
"4333",3232
"4334",17486
"4335",8553
"4336",1878
"4337",20047
"4338",19939
"4339",4932
"4340",16354
"4341",7904
"4342",11354
"4343",11737
"4344",10296
"4345",12368
"4346",16298
"4347",11699
"4348",14943
"4349",4783
"4350",15438
"4351",1834
"4352",9187
"4353",14572
"4354",4660
"4355",6460
"4356",19727
"4357",1283
"4358",3238
"4359",12604
"4360",1263
"4361",640
"4362",15425
"4363",14689
"4364",6388
"4365",2504
"4366",18708
"4367",4510
"4368",15041
"4369",11978
"4370",8406
"4371",14710
"4372",5540
"4373",5522
"4374",12987
"4375",4179
"4376",5815
"4377",16049
"4378",459
"4379",3481
"4380",9132
"4381",19401
"4382",16828
"4383",1222
"4384",16085
"4385",4560
"4386",11252
"4387",2473
"4388",14649
"4389",11416
"4390",8470
"4391",971
"4392",11068
"4393",3354
"4394",10545
"4395",3048
"4396",3495
"4397",16557
"4398",5958
"4399",8484
"4400",12077
"4401",15369
"4402",3465
"4403",5569
"4404",3051
"4405",15530
"4406",9644
"4407",19648
"4408",5461
"4409",1451
"4410",19205
"4411",6896
"4412",3875
"4413",10212
"4414",15872
"4415",5137
"4416",498
"4417",18504
"4418",8538
"4419",1789
"4420",16823
"4421",11241
"4422",12934
"4423",6066
"4424",15806
"4425",12204
"4426",7310
"4427",6194
"4428",19389
"4429",13444
"4430",13977
"4431",17601
"4432",3222
"4433",6498
"4434",12828
"4435",5030
"4436",12397
"4437",12799
"4438",13776
"4439",5089
"4440",3024
"4441",2145
"4442",10295
"4443",11497
"4444",10961
"4445",10137
"4446",18420
"4447",18519
"4448",2829
"4449",18584
"4450",4047
"4451",20337
"4452",1755
"4453",9593
"4454",16644
"4455",11435
"4456",14497
"4457",5657
"4458",17797
"4459",3654
"4460",12762
"4461",17059
"4462",13762
"4463",11829
"4464",10696
"4465",2979
"4466",2942
"4467",490
"4468",14734
"4469",13921
"4470",17582
"4471",274
"4472",12950
"4473",17685
"4474",13110
"4475",11672
"4476",241
"4477",14018
"4478",8411
"4479",4605
"4480",432
"4481",4699
"4482",17267
"4483",15296
"4484",17206
"4485",20281
"4486",20611
"4487",18474
"4488",19370
"4489",9075
"4490",12214
"4491",4343
"4492",5525
"4493",13984
"4494",10395
"4495",11018
"4496",11871
"4497",9255
"4498",209
"4499",7431
"4500",9519
"4501",1173
"4502",8898
"4503",17985
"4504",13147
"4505",10234
"4506",5169
"4507",14087
"4508",17754
"4509",7126
"4510",10400
"4511",11132
"4512",8877
"4513",13733
"4514",12512
"4515",11604
"4516",15058
"4517",5262
"4518",6922
"4519",6637
"4520",19904
"4521",3349
"4522",14471
"4523",8514
"4524",13076
"4525",1924
"4526",12793
"4527",14853
"4528",12657
"4529",18928
"4530",8579
"4531",4512
"4532",13233
"4533",15471
"4534",5307
"4535",12389
"4536",12302
"4537",926
"4538",20435
"4539",16115
"4540",7828
"4541",8234
"4542",17761
"4543",11013
"4544",7261
"4545",4436
"4546",270
"4547",5650
"4548",11708
"4549",13558
"4550",12858
"4551",861
"4552",16294
"4553",18933
"4554",13681
"4555",6616
"4556",3275
"4557",15153
"4558",19258
"4559",6923
"4560",7954
"4561",10780
"4562",10965
"4563",12724
"4564",3482
"4565",8509
"4566",10848
"4567",2125
"4568",19273
"4569",1659
"4570",2265
"4571",6010
"4572",11654
"4573",4494
"4574",11156
"4575",5203
"4576",4964
"4577",15773
"4578",19864
"4579",2605
"4580",14482
"4581",18130
"4582",9270
"4583",18200
"4584",6446
"4585",19644
"4586",7328
"4587",811
"4588",15988
"4589",4909
"4590",302
"4591",2808
"4592",7392
"4593",12836
"4594",16064
"4595",11475
"4596",1318
"4597",9458
"4598",18935
"4599",3411
"4600",4669
"4601",3685
"4602",16417
"4603",11289
"4604",7443
"4605",4268
"4606",9308
"4607",7257
"4608",16862
"4609",6173
"4610",19358
"4611",14077
"4612",15188
"4613",5903
"4614",13178
"4615",5027
"4616",8088
"4617",12153
"4618",4841
"4619",4427
"4620",18751
"4621",308
"4622",19747
"4623",558
"4624",11290
"4625",2810
"4626",3847
"4627",4374
"4628",13395
"4629",14989
"4630",20186
"4631",1762
"4632",3233
"4633",19244
"4634",17081
"4635",8211
"4636",1240
"4637",5656
"4638",2126
"4639",16805
"4640",14435
"4641",9143
"4642",16518
"4643",15028
"4644",18302
"4645",990
"4646",17759
"4647",6117
"4648",15849
"4649",15245
"4650",325
"4651",9026
"4652",17128
"4653",8013
"4654",15657
"4655",7285
"4656",8449
"4657",548
"4658",1409
"4659",2335
"4660",2833
"4661",1349
"4662",13754
"4663",1606
"4664",14783
"4665",1874
"4666",5832
"4667",7219
"4668",4247
"4669",9063
"4670",13286
"4671",712
"4672",3919
"4673",4794
"4674",18866
"4675",18620
"4676",9432
"4677",20083
"4678",11994
"4679",14551
"4680",2475
"4681",2819
"4682",3376
"4683",3699
"4684",19712
"4685",15017
"4686",6069
"4687",8644
"4688",4687
"4689",14737
"4690",15911
"4691",5675
"4692",685
"4693",17075
"4694",11412
"4695",9325
"4696",9966
"4697",2790
"4698",11661
"4699",7236
"4700",8575
"4701",7532
"4702",11401
"4703",12308
"4704",11420
"4705",7151
"4706",3767
"4707",1194
"4708",8955
"4709",20488
"4710",13533
"4711",8610
"4712",6780
"4713",5049
"4714",10480
"4715",13431
"4716",16874
"4717",6912
"4718",12326
"4719",17706
"4720",1663
"4721",11865
"4722",12945
"4723",15396
"4724",5607
"4725",14687
"4726",10127
"4727",19900
"4728",11673
"4729",15967
"4730",13478
"4731",18592
"4732",15241
"4733",7164
"4734",13048
"4735",20507
"4736",10333
"4737",20081
"4738",20160
"4739",17670
"4740",6982
"4741",15449
"4742",5532
"4743",16026
"4744",10213
"4745",6565
"4746",4229
"4747",11440
"4748",1471
"4749",11742
"4750",18104
"4751",4955
"4752",17067
"4753",2755
"4754",2560
"4755",17219
"4756",4400
"4757",8003
"4758",4398
"4759",6482
"4760",4523
"4761",8100
"4762",18773
"4763",18230
"4764",2284
"4765",15978
"4766",12488
"4767",13364
"4768",12356
"4769",20314
"4770",19532
"4771",6376
"4772",4681
"4773",17970
"4774",2825
"4775",17218
"4776",429
"4777",19514
"4778",5666
"4779",3243
"4780",5474
"4781",1325
"4782",20096
"4783",17004
"4784",7291
"4785",9469
"4786",18949
"4787",15080
"4788",9375
"4789",8249
"4790",11510
"4791",5826
"4792",10929
"4793",10342
"4794",10603
"4795",12295
"4796",20489
"4797",13206
"4798",18033
"4799",16419
"4800",12174
"4801",6352
"4802",3619
"4803",5447
"4804",14945
"4805",4716
"4806",13502
"4807",18223
"4808",10118
"4809",2114
"4810",11255
"4811",11682
"4812",5714
"4813",10100
"4814",2718
"4815",7276
"4816",5458
"4817",1744
"4818",3072
"4819",5771
"4820",20636
"4821",18149
"4822",7051
"4823",5725
"4824",9446
"4825",6055
"4826",11126
"4827",8604
"4828",7806
"4829",17073
"4830",5634
"4831",2995
"4832",4610
"4833",11726
"4834",19057
"4835",10352
"4836",7040
"4837",6266
"4838",14114
"4839",9796
"4840",1808
"4841",6151
"4842",12363
"4843",7995
"4844",4203
"4845",901
"4846",11008
"4847",16537
"4848",7925
"4849",10508
"4850",11817
"4851",6485
"4852",2477
"4853",8041
"4854",210
"4855",8518
"4856",18823
"4857",9264
"4858",1157
"4859",2989
"4860",3569
"4861",14199
"4862",13496
"4863",9463
"4864",17920
"4865",10151
"4866",17281
"4867",9040
"4868",12951
"4869",2051
"4870",655
"4871",13467
"4872",13804
"4873",935
"4874",19902
"4875",3530
"4876",17255
"4877",6546
"4878",6577
"4879",16763
"4880",711
"4881",18752
"4882",5606
"4883",3271
"4884",15510
"4885",18694
"4886",569
"4887",11170
"4888",10469
"4889",14384
"4890",13092
"4891",6300
"4892",6622
"4893",17100
"4894",16665
"4895",1207
"4896",12833
"4897",10638
"4898",18333
"4899",8157
"4900",7957
"4901",2624
"4902",18233
"4903",5814
"4904",11499
"4905",16373
"4906",13756
"4907",19975
"4908",13718
"4909",6346
"4910",16762
"4911",6599
"4912",3886
"4913",8811
"4914",6870
"4915",6334
"4916",5351
"4917",6158
"4918",4941
"4919",7344
"4920",16037
"4921",2107
"4922",12012
"4923",18759
"4924",3796
"4925",13313
"4926",7437
"4927",7217
"4928",13656
"4929",4498
"4930",1115
"4931",1183
"4932",18256
"4933",9860
"4934",18165
"4935",3441
"4936",12656
"4937",15881
"4938",1666
"4939",13490
"4940",3459
"4941",12583
"4942",11793
"4943",3316
"4944",19867
"4945",17141
"4946",20494
"4947",10779
"4948",2399
"4949",1132
"4950",1328
"4951",10299
"4952",13162
"4953",7606
"4954",16375
"4955",9402
"4956",8084
"4957",3772
"4958",4445
"4959",7938
"4960",4790
"4961",11206
"4962",6054
"4963",2576
"4964",8804
"4965",13631
"4966",15866
"4967",9172
"4968",12105
"4969",7681
"4970",7162
"4971",6175
"4972",7707
"4973",5207
"4974",10703
"4975",18271
"4976",11261
"4977",20138
"4978",2259
"4979",9553
"4980",15566
"4981",18868
"4982",15560
"4983",10575
"4984",19992
"4985",6515
"4986",5001
"4987",14564
"4988",16447
"4989",17921
"4990",16507
"4991",5481
"4992",15831
"4993",17168
"4994",11320
"4995",12670
"4996",618
"4997",10425
"4998",4653
"4999",7723
"5000",11109
"5001",20437
"5002",1916
"5003",18964
"5004",130
"5005",18023
"5006",14395
"5007",8908
"5008",20050
"5009",9233
"5010",10481
"5011",15444
"5012",3377
"5013",1164
"5014",7727
"5015",8558
"5016",4633
"5017",16462
"5018",426
"5019",6298
"5020",3709
"5021",9681
"5022",11518
"5023",466
"5024",5146
"5025",15458
"5026",8839
"5027",14341
"5028",5707
"5029",2975
"5030",11581
"5031",7632
"5032",16308
"5033",16243
"5034",16014
"5035",106
"5036",13044
"5037",18108
"5038",12222
"5039",7440
"5040",2368
"5041",18225
"5042",1079
"5043",9109
"5044",16907
"5045",12228
"5046",11212
"5047",18915
"5048",18757
"5049",10324
"5050",13340
"5051",7876
"5052",19678
"5053",20256
"5054",10733
"5055",16986
"5056",11474
"5057",13019
"5058",2915
"5059",15899
"5060",4793
"5061",12803
"5062",18918
"5063",1638
"5064",11832
"5065",17436
"5066",1352
"5067",4164
"5068",14407
"5069",11034
"5070",16911
"5071",2356
"5072",8969
"5073",6469
"5074",16471
"5075",18178
"5076",7928
"5077",16312
"5078",16028
"5079",13265
"5080",11244
"5081",16465
"5082",16630
"5083",1166
"5084",508
"5085",15788
"5086",591
"5087",2780
"5088",11732
"5089",20614
"5090",4889
"5091",464
"5092",1817
"5093",3430
"5094",13639
"5095",3906
"5096",9844
"5097",13751
"5098",4824
"5099",14634
"5100",18009
"5101",18120
"5102",5756
"5103",20573
"5104",1935
"5105",16809
"5106",18763
"5107",2179
"5108",3064
"5109",7390
"5110",18418
"5111",20468
"5112",3638
"5113",9599
"5114",1516
"5115",6464
"5116",9356
"5117",18482
"5118",17591
"5119",7507
"5120",20112
"5121",4219
"5122",5002
"5123",6091
"5124",14300
"5125",5548
"5126",14983
"5127",6769
"5128",16531
"5129",1857
"5130",4256
"5131",6213
"5132",17923
"5133",5955
"5134",13725
"5135",2582
"5136",8708
"5137",7199
"5138",7030
"5139",4383
"5140",2456
"5141",9670
"5142",20282
"5143",15127
"5144",9732
"5145",18275
"5146",4744
"5147",2669
"5148",1776
"5149",15729
"5150",14470
"5151",11802
"5152",2373
"5153",13716
"5154",19917
"5155",6095
"5156",14486
"5157",4469
"5158",12346
"5159",17418
"5160",17092
"5161",4462
"5162",1340
"5163",13468
"5164",8303
"5165",15643
"5166",5492
"5167",1236
"5168",9841
"5169",3092
"5170",17932
"5171",16459
"5172",13759
"5173",13555
"5174",14509
"5175",13372
"5176",19129
"5177",9673
"5178",13175
"5179",18174
"5180",17505
"5181",11088
"5182",8018
"5183",17949
"5184",6115
"5185",17778
"5186",12948
"5187",11367
"5188",11100
"5189",3182
"5190",4981
"5191",14498
"5192",16100
"5193",19970
"5194",2565
"5195",6156
"5196",11942
"5197",13248
"5198",17423
"5199",14180
"5200",19916
"5201",3259
"5202",2144
"5203",7715
"5204",1822
"5205",2406
"5206",9253
"5207",7191
"5208",4825
"5209",14200
"5210",11564
"5211",4312
"5212",20150
"5213",45
"5214",11824
"5215",12734
"5216",14588
"5217",4511
"5218",18238
"5219",15591
"5220",5915
"5221",7558
"5222",16012
"5223",4196
"5224",3500
"5225",16302
"5226",14433
"5227",11268
"5228",7088
"5229",20214
"5230",9619
"5231",3084
"5232",11860
"5233",13622
"5234",7113
"5235",2156
"5236",9757
"5237",5383
"5238",19668
"5239",10030
"5240",12787
"5241",17716
"5242",3975
"5243",14399
"5244",1300
"5245",1193
"5246",19845
"5247",9275
"5248",10166
"5249",16984
"5250",2038
"5251",4827
"5252",4177
"5253",6017
"5254",296
"5255",9745
"5256",4513
"5257",12641
"5258",5496
"5259",13686
"5260",10600
"5261",5177
"5262",9315
"5263",14837
"5264",10786
"5265",7748
"5266",20392
"5267",6574
"5268",13316
"5269",16406
"5270",17868
"5271",4069
"5272",16361
"5273",5465
"5274",13540
"5275",9054
"5276",17180
"5277",245
"5278",13538
"5279",3457
"5280",5161
"5281",19767
"5282",293
"5283",3081
"5284",808
"5285",11872
"5286",9671
"5287",7820
"5288",9062
"5289",15387
"5290",19559
"5291",940
"5292",9968
"5293",9023
"5294",17360
"5295",11954
"5296",13408
"5297",3986
"5298",11180
"5299",15196
"5300",4264
"5301",1270
"5302",11507
"5303",2134
"5304",6816
"5305",3245
"5306",1384
"5307",10812
"5308",14558
"5309",11965
"5310",18322
"5311",8262
"5312",15551
"5313",17959
"5314",5271
"5315",13240
"5316",1000
"5317",10709
"5318",2031
"5319",6463
"5320",10990
"5321",17721
"5322",19555
"5323",16554
"5324",3722
"5325",4294
"5326",379
"5327",11728
"5328",2628
"5329",8033
"5330",6561
"5331",17668
"5332",9496
"5333",11379
"5334",1350
"5335",3706
"5336",11568
"5337",1367
"5338",1765
"5339",15646
"5340",5224
"5341",10121
"5342",9571
"5343",1927
"5344",5043
"5345",11855
"5346",8420
"5347",7293
"5348",2318
"5349",4888
"5350",1849
"5351",14321
"5352",17917
"5353",8662
"5354",2153
"5355",16975
"5356",10052
"5357",14553
"5358",10284
"5359",2843
"5360",9959
"5361",18940
"5362",4239
"5363",2887
"5364",20163
"5365",20264
"5366",16431
"5367",19072
"5368",473
"5369",16300
"5370",7607
"5371",16903
"5372",13154
"5373",1369
"5374",9394
"5375",3894
"5376",10184
"5377",1886
"5378",3750
"5379",7751
"5380",8241
"5381",10629
"5382",185
"5383",1852
"5384",19412
"5385",14035
"5386",14137
"5387",2517
"5388",3826
"5389",13938
"5390",17941
"5391",692
"5392",12728
"5393",17215
"5394",287
"5395",4982
"5396",1508
"5397",3746
"5398",14805
"5399",4678
"5400",19231
"5401",16658
"5402",2016
"5403",17068
"5404",8407
"5405",6094
"5406",3453
"5407",4171
"5408",20183
"5409",13605
"5410",14336
"5411",11267
"5412",10814
"5413",3764
"5414",1141
"5415",15754
"5416",4404
"5417",17640
"5418",1550
"5419",400
"5420",604
"5421",694
"5422",5617
"5423",4266
"5424",6849
"5425",1448
"5426",8453
"5427",3627
"5428",10887
"5429",15964
"5430",10552
"5431",10616
"5432",5073
"5433",19400
"5434",7492
"5435",2408
"5436",4506
"5437",12355
"5438",15898
"5439",4829
"5440",6105
"5441",16040
"5442",2821
"5443",9223
"5444",14382
"5445",3417
"5446",6658
"5447",7530
"5448",6719
"5449",8733
"5450",14624
"5451",7638
"5452",2553
"5453",4181
"5454",12938
"5455",7480
"5456",9791
"5457",10111
"5458",14548
"5459",14052
"5460",9472
"5461",8721
"5462",8513
"5463",11932
"5464",11796
"5465",19188
"5466",6935
"5467",3831
"5468",9929
"5469",16071
"5470",2745
"5471",9937
"5472",9313
"5473",12194
"5474",8154
"5475",11091
"5476",16916
"5477",12102
"5478",5855
"5479",12837
"5480",8288
"5481",17184
"5482",14357
"5483",12966
"5484",10347
"5485",471
"5486",18651
"5487",13620
"5488",9989
"5489",2805
"5490",531
"5491",10418
"5492",20623
"5493",3241
"5494",16653
"5495",6190
"5496",20008
"5497",10744
"5498",275
"5499",7110
"5500",19391
"5501",14640
"5502",7527
"5503",10614
"5504",14347
"5505",14505
"5506",18385
"5507",2172
"5508",18590
"5509",8369
"5510",3134
"5511",18621
"5512",19600
"5513",9572
"5514",2652
"5515",13956
"5516",3310
"5517",19097
"5518",10976
"5519",4750
"5520",4940
"5521",14082
"5522",14582
"5523",13006
"5524",5773
"5525",4816
"5526",20135
"5527",18666
"5528",2236
"5529",18510
"5530",3472
"5531",15409
"5532",17173
"5533",7767
"5534",19603
"5535",11777
"5536",4116
"5537",2201
"5538",14700
"5539",10580
"5540",19663
"5541",19085
"5542",8408
"5543",17483
"5544",17084
"5545",12322
"5546",6702
"5547",11844
"5548",17105
"5549",8739
"5550",14534
"5551",16949
"5552",6528
"5553",11092
"5554",5149
"5555",7631
"5556",10572
"5557",15436
"5558",5435
"5559",16335
"5560",17076
"5561",10217
"5562",9567
"5563",20251
"5564",5787
"5565",349
"5566",19831
"5567",6195
"5568",6596
"5569",8508
"5570",16249
"5571",2264
"5572",18358
"5573",11985
"5574",8726
"5575",19007
"5576",11385
"5577",19723
"5578",3018
"5579",13551
"5580",8657
"5581",4737
"5582",10571
"5583",3629
"5584",6042
"5585",18796
"5586",2194
"5587",4245
"5588",8883
"5589",611
"5590",9252
"5591",4921
"5592",6621
"5593",6220
"5594",11751
"5595",12678
"5596",6746
"5597",13462
"5598",7170
"5599",19961
"5600",17162
"5601",6014
"5602",773
"5603",12658
"5604",20579
"5605",2229
"5606",5
"5607",9409
"5608",4902
"5609",13298
"5610",19265
"5611",1072
"5612",15925
"5613",20628
"5614",2783
"5615",4260
"5616",1246
"5617",11970
"5618",18235
"5619",9357
"5620",14456
"5621",266
"5622",8285
"5623",3937
"5624",1893
"5625",17919
"5626",14726
"5627",5636
"5628",1031
"5629",7060
"5630",17916
"5631",20564
"5632",7993
"5633",5090
"5634",636
"5635",19217
"5636",6279
"5637",12972
"5638",6788
"5639",4546
"5640",10236
"5641",1146
"5642",6111
"5643",9517
"5644",7597
"5645",6753
"5646",12904
"5647",6741
"5648",4367
"5649",1178
"5650",3192
"5651",15276
"5652",9938
"5653",14815
"5654",12479
"5655",1853
"5656",13610
"5657",7951
"5658",16853
"5659",3237
"5660",8676
"5661",6866
"5662",20182
"5663",10784
"5664",15278
"5665",20232
"5666",359
"5667",10378
"5668",3149
"5669",19471
"5670",19974
"5671",11515
"5672",18421
"5673",12327
"5674",16927
"5675",7586
"5676",9439
"5677",20565
"5678",3806
"5679",14780
"5680",9801
"5681",19995
"5682",6754
"5683",14049
"5684",1233
"5685",5582
"5686",10489
"5687",6979
"5688",12289
"5689",20533
"5690",19808
"5691",11700
"5692",19543
"5693",14146
"5694",6050
"5695",15357
"5696",7755
"5697",9910
"5698",15107
"5699",2716
"5700",14842
"5701",10880
"5702",12000
"5703",12900
"5704",3420
"5705",16204
"5706",2602
"5707",16523
"5708",4665
"5709",10252
"5710",15234
"5711",4361
"5712",6289
"5713",14256
"5714",14213
"5715",1068
"5716",1377
"5717",14775
"5718",17571
"5719",18464
"5720",19012
"5721",5170
"5722",20226
"5723",17234
"5724",11545
"5725",11555
"5726",13216
"5727",15432
"5728",3148
"5729",6673
"5730",18913
"5731",14519
"5732",6646
"5733",16058
"5734",14894
"5735",19784
"5736",17736
"5737",18874
"5738",2379
"5739",16768
"5740",5093
"5741",13532
"5742",7379
"5743",8028
"5744",10817
"5745",13607
"5746",215
"5747",17192
"5748",17313
"5749",13946
"5750",5397
"5751",13243
"5752",9353
"5753",5833
"5754",4401
"5755",20370
"5756",17457
"5757",10274
"5758",649
"5759",8439
"5760",4873
"5761",1572
"5762",13458
"5763",16771
"5764",7306
"5765",7028
"5766",18642
"5767",849
"5768",13553
"5769",18378
"5770",17283
"5771",12826
"5772",626
"5773",9904
"5774",11645
"5775",6275
"5776",5175
"5777",11976
"5778",20440
"5779",14812
"5780",14152
"5781",14492
"5782",9161
"5783",10246
"5784",13172
"5785",10671
"5786",1991
"5787",10448
"5788",20115
"5789",14953
"5790",11618
"5791",9460
"5792",18183
"5793",19283
"5794",15712
"5795",17725
"5796",6510
"5797",16814
"5798",1399
"5799",17996
"5800",17203
"5801",6817
"5802",9271
"5803",6543
"5804",3402
"5805",3815
"5806",11893
"5807",15314
"5808",16980
"5809",1970
"5810",19461
"5811",12098
"5812",4838
"5813",5728
"5814",4341
"5815",20301
"5816",9495
"5817",18657
"5818",6328
"5819",932
"5820",445
"5821",8800
"5822",12742
"5823",4348
"5824",13559
"5825",8582
"5826",17242
"5827",7725
"5828",18276
"5829",243
"5830",9373
"5831",7603
"5832",16186
"5833",8586
"5834",19503
"5835",17877
"5836",9050
"5837",16587
"5838",9866
"5839",17307
"5840",1604
"5841",10666
"5842",6799
"5843",10715
"5844",20496
"5845",10892
"5846",4830
"5847",11430
"5848",18997
"5849",13632
"5850",18746
"5851",20538
"5852",1400
"5853",17011
"5854",19612
"5855",13889
"5856",4413
"5857",11183
"5858",3150
"5859",5184
"5860",13745
"5861",8967
"5862",165
"5863",17556
"5864",15659
"5865",2862
"5866",5963
"5867",11240
"5868",14840
"5869",16030
"5870",3974
"5871",1130
"5872",9973
"5873",9467
"5874",1134
"5875",19569
"5876",11017
"5877",11203
"5878",13988
"5879",15532
"5880",8525
"5881",10435
"5882",4563
"5883",16274
"5884",1835
"5885",16016
"5886",494
"5887",5115
"5888",17925
"5889",19486
"5890",2247
"5891",15059
"5892",9031
"5893",10391
"5894",628
"5895",5568
"5896",13126
"5897",14160
"5898",14072
"5899",1731
"5900",3383
"5901",15390
"5902",3958
"5903",5454
"5904",6676
"5905",15022
"5906",17379
"5907",19026
"5908",17831
"5909",4573
"5910",2911
"5911",4721
"5912",10743
"5913",567
"5914",7698
"5915",13155
"5916",13603
"5917",11658
"5918",19128
"5919",15622
"5920",16189
"5921",2872
"5922",7539
"5923",19799
"5924",15386
"5925",8655
"5926",3588
"5927",6246
"5928",16463
"5929",11599
"5930",5584
"5931",6442
"5932",15042
"5933",3926
"5934",572
"5935",5121
"5936",5446
"5937",8755
"5938",12120
"5939",10528
"5940",12034
"5941",14031
"5942",14611
"5943",11321
"5944",4973
"5945",17929
"5946",7912
"5947",20144
"5948",3252
"5949",15087
"5950",3782
"5951",4797
"5952",14255
"5953",7497
"5954",3000
"5955",8700
"5956",12540
"5957",11622
"5958",13869
"5959",11281
"5960",7515
"5961",9857
"5962",9544
"5963",7611
"5964",5153
"5965",16875
"5966",8863
"5967",10387
"5968",8600
"5969",18623
"5970",11797
"5971",3127
"5972",3890
"5973",19966
"5974",10117
"5975",643
"5976",11286
"5977",15604
"5978",17792
"5979",3161
"5980",13803
"5981",11394
"5982",14856
"5983",20415
"5984",13498
"5985",10241
"5986",14762
"5987",18794
"5988",16178
"5989",10075
"5990",9070
"5991",18221
"5992",14337
"5993",5508
"5994",11798
"5995",13642
"5996",11846
"5997",14075
"5998",10364
"5999",3449
"6000",4136
"6001",3769
"6002",8548
"6003",7400
"6004",7965
"6005",16259
"6006",17382
"6007",19632
"6008",16435
"6009",14335
"6010",2080
"6011",10110
"6012",20619
"6013",12113
"6014",9747
"6015",9058
"6016",15138
"6017",16570
"6018",20261
"6019",14081
"6020",19242
"6021",19825
"6022",1250
"6023",14328
"6024",2112
"6025",467
"6026",18707
"6027",15721
"6028",5917
"6029",4300
"6030",10370
"6031",17677
"6032",14517
"6033",2507
"6034",18511
"6035",967
"6036",2281
"6037",20015
"6038",18580
"6039",15577
"6040",2941
"6041",5923
"6042",3829
"6043",6484
"6044",15823
"6045",5882
"6046",16486
"6047",16267
"6048",2225
"6049",17018
"6050",12964
"6051",13115
"6052",19807
"6053",5402
"6054",1595
"6055",12893
"6056",10193
"6057",7228
"6058",15251
"6059",11718
"6060",12093
"6061",9665
"6062",11841
"6063",12177
"6064",19623
"6065",5097
"6066",8904
"6067",2183
"6068",7122
"6069",8378
"6070",9184
"6071",10543
"6072",2115
"6073",6244
"6074",10646
"6075",16893
"6076",11090
"6077",6524
"6078",17251
"6079",13203
"6080",8362
"6081",8572
"6082",1039
"6083",5154
"6084",2078
"6085",13448
"6086",14862
"6087",1167
"6088",19
"6089",1535
"6090",19696
"6091",14985
"6092",10163
"6093",19378
"6094",16687
"6095",15887
"6096",5025
"6097",1311
"6098",9182
"6099",11506
"6100",14375
"6101",2890
"6102",823
"6103",14979
"6104",14510
"6105",15348
"6106",1586
"6107",13960
"6108",6022
"6109",1345
"6110",10737
"6111",14461
"6112",19551
"6113",1227
"6114",11801
"6115",5427
"6116",6160
"6117",1798
"6118",331
"6119",12636
"6120",8039
"6121",16214
"6122",13775
"6123",11606
"6124",16311
"6125",11637
"6126",5871
"6127",14380
"6128",19628
"6129",9835
"6130",19039
"6131",2270
"6132",16455
"6133",4836
"6134",4801
"6135",839
"6136",13307
"6137",1413
"6138",6347
"6139",7813
"6140",2986
"6141",17358
"6142",8158
"6143",17131
"6144",1967
"6145",5376
"6146",725
"6147",1870
"6148",13932
"6149",5816
"6150",3573
"6151",7068
"6152",11605
"6153",20011
"6154",7793
"6155",11816
"6156",10944
"6157",2171
"6158",3285
"6159",8454
"6160",4922
"6161",19797
"6162",9326
"6163",14339
"6164",1051
"6165",9317
"6166",13747
"6167",12444
"6168",6461
"6169",7295
"6170",11636
"6171",16755
"6172",15720
"6173",4007
"6174",12965
"6175",13271
"6176",1423
"6177",7474
"6178",4799
"6179",15892
"6180",19667
"6181",11415
"6182",18293
"6183",601
"6184",9035
"6185",19068
"6186",17727
"6187",17256
"6188",18437
"6189",3542
"6190",2237
"6191",10285
"6192",13806
"6193",13253
